"citekey","entry_type","authors","editors","title","year","journal","booktitle","publisher","address","volume","number","pages","eid","doi","url","keywords","source_page","review_status","category","include_short"
"cortesi2026time","article","F. Cortesi;I. Polenghi;A. Gambarini;G.M. Marzocchi;G. Mioni;A. Ogliari;E. Toffalini;V. Tobia","","Time processing skills in individuals with math impairment and developmental dyscalculia","2026","Research in Developmental Disabilities","","","","168","","","105182","10.1016/j.ridd.2025.105182","","cv-journal-international",3,"verified_from_source","journal_international",FALSE
"toffalini2025intellectual","article","E. Toffalini;E. Borella;L. Pezzuti;J. Dawe;C. Cornoldi","","Intellectual giftedness in adult lifespan: just a dimensional account or are there areas especially sensitive to high potential","2025","Personality and Individual Differences","","","","245","","113274","","10.1016/j.paid.2025.113274","","cv-journal-international,cv-short",4,"verified_from_source","journal_international",TRUE
"perugini2025benefits","article","A. Perugini;F. Gambarota;E. Toffalini;D. Lakens;M. Pastore;L. Finos;Psicostat Core Team;G. Altoè","","The benefits of reporting critical effect size values","2025","Advances in Methods and Practices in Psychological Science","","","","8","2","1-10","","10.1177/2515245925133529","","cv-journal-international",4,"verified_from_source","journal_international",FALSE
"pelegrina2025stability","article","S. Pelegrina;E. Toffalini;Martín-Puga","","Stability of math anxiety and its relation with math performance over time: A meta-analysis of longitudinal studies","2025","Journal of Educational Psychology","","","","","","","","10.1037/edu0001008","","cv-journal-international",3,"verified_from_source","journal_international",FALSE
"esposito2025sex","article","L. Esposito;D. Giofrè;E. Toffalini;D. C. Geary","","Sex differences in variability: Evidence from math and reading assessment in Italy","2025","Personality and Individual Differences","","","","247","","","113410","10.1016/j.paid.2025.113410","","cv-journal-international",3,"verified_from_source","journal_international",FALSE
"costa2025enhancing","article","C. Costa;R. Pezzetta;E. Toffalini;M. Grassi;G. Cona;C. Miniussi;P. J. Bauer;S. Borgomaneri;M. Brysbaert;C. D. Chambers;N. Edelstyn;A. Eerland;S. J. Gilbert;M. A. Nitsche;R. A. Poldrack;A. Puce;K. R. Ridderinkhof;T. Y. Swaab;C. Umiltà;M. Wiener;C. Scarpazza","","Enhancing the quality and reproducibility of research: Preferred Evaluation of Cognitive and Neuropsychological Studies - The PECANS statement for human studies","2025","Behavior Research Methods","","","","57","","","182","10.3758/s13428-025-02705-3","","cv-journal-international,cv-short",3,"verified_from_source","journal_international",TRUE
"caviola2025exploring","article","S. Caviola;D. Giofrè;T. Feraco;E. Toffalini;K. Allen;D. Geary","","Exploring the mediating role of academic anxiety in mathematics and reading performance among boys and girls: A comprehensive study of Italian fifth graders","2025","Learning and Individual Differences","","","","122","","","102726","10.1016/j.lindif.2025.102726","","cv-journal-international",3,"verified_from_source","journal_international",FALSE
"toffalini2024clusters","article","E. Toffalini;F. Gambarota;A. Perugini;P. Girardi;V. Tobia;G. Altoè;D. Giofrè;T. Feraco","","Clusters that are not there: An R tutorial and a Shiny app to quantify a priori inferential risks when using clustering methods","2024","International Journal of Psychology","","","","59","6","1183-1198","","10.1002/ijop.13246","","cv-journal-international,cv-short",4,"verified_from_source","journal_international",TRUE
"toffalini2024attenzione","article","E. Toffalini;C. Cornoldi","","Attenzione all’uso delle discrepanze nel profilo di intelligenza per l’identificazione di DSA e ADHD","2024","Psicologia Clinica dello Sviluppo","","","","2/2024","","225-236","","10.1449/113498","","cv-journal-italian,cv-short",10,"verified_from_source","journal_italian",TRUE
"szczygiel2024math","article","M. Szczygieł;D. Szűcs;E. Toffalini","","Math anxiety and math achievement in primary school children: Longitudinal relationship and predictors","2024","Learning and Instruction","","","","92","","101906","","","","cv-journal-international",4,"needs_review","journal_international",FALSE
"sella2024effects","article","E. Sella;M. Vincenzi;E. Carbone;E. G. Schellenberg;C. Lima;E. Toffalini;E. Borella","","Effects of music listening on cognition and affective state in older adults: A systematic review and meta-analysis","2024","European Psychologist","","","","29","3","199-215","","10.1027/1016-9040/a000533","","cv-journal-international",4,"verified_from_source","journal_international",FALSE
"giofre2024understanding","article","D. Giofrè;R. Lievore;K. Allen;I. Tonizzi;I. C. Mammarella;E. Toffalini","","Understanding sex/gender differences in intelligence profiles of children with Autism: A comprehensive WISC meta-analysis","2024","Research in Developmental Disabilities","","","","154","July","104854","","10.1016/j.ridd.2024.104854","","cv-journal-international",4,"verified_from_source","journal_international",FALSE
"giofre2024sexa","article","D. Giofrè;E. Toffalini;L. Esposito;C. Cornoldi","","Sex/gender differences in general cognitive abilities: an investigation using the Leiter‑3","2024","Cognitive Processing","","","","0123456789","","","","10.1007/s10339-024-01199-9","","cv-journal-international",4,"needs_review","journal_international",FALSE
"giofre2024sex","article","D. Giofrè;E. Toffalini;A. Perugini;L. Espostito;G. Amoretti;D. C. Geary","","Sex differences in cognition: A meta-analysis of variance ratios in the Wechsler Intelligence Scales for Children","2024","Personality and Individual Differences","","","","229","","112776","","","","cv-journal-international",4,"needs_review","journal_international",FALSE
"feraco2024sembeddings","article","T. Feraco;E. Toffalini","","SEMbeddings: how to evaluate model misfit before data collection using large-language models","2024","Frontiers in Psychology","","","","15","","1433339","","10.3389/fpsyg.2024.1433339","","cv-journal-international",4,"verified_from_source","journal_international",FALSE
"donolato2024emotion","article","E. Donolato;E. Toffalini;C. Cornoldi;I. C. M. Mammarella","","In emotion and reading motivation, children with a diagnosis of dyslexia are not just the end of a continuum","2024","Dyslexia","","","","30","3","e1778","","10.1002/dys.1778","","cv-journal-international",4,"verified_from_source","journal_international",FALSE
"caviola2024learning","article","S. Caviola;S. Greiff;E. Toffalini","","Learning disorders and difficulties: From a categorical to a dimensional perspective","2024","Learning and Individual Differences","","","","113","","102490","","","","cv-journal-international",4,"needs_review","journal_international",FALSE
"taddei2023developmental","article","M. Taddei;S. Bulgheroni;E. Toffalini;C. Pantaleoni;S. Lanfranchi","","Developmental profiles of young children with autism spectrum disorder and global developmental delay: A study with the Griffiths III scales","2023","Autism Research","","","","","","","","10.1002/aur.2953","","cv-journal-international",5,"verified_from_source","journal_international",FALSE
"szucs2023maths","article","D. Szucs;E. Toffalini","","Maths anxiety and subjective perception of control, value and success expectancy in mathematics","2023","Royal Society Open Science","","","","10","","","231000","10.1098/rsos.231000","","cv-journal-international",5,"verified_from_source","journal_international",FALSE
"sella2023efficacy","article","E. Sella;E. Carbone;M. Vincenzi;E. Toffalini;E. Borella","","Efficacy of memory training interventions targeting metacognition for older adults: a systematic review and meta-analysis","2023","Aging \& Mental Health","","","","27","4","674-694","","10.1080/13607863.2022.2122931","","cv-journal-international",5,"verified_from_source","journal_international",FALSE
"pizzigallo2023intellectual","article","E. Pizzigallo;C. Cornoldi;S. Buono;S. Città;F. Viola;E. Toffalini","","The intellectual profile of adults with specific learning disabilities","2023","Journal of Intelligence","","","","11","","","223","10.3390/jintelligence11120223","","cv-journal-international",4,"verified_from_source","journal_international",FALSE
"pietschnig2023reliability","article","J. Pietschnig;S. Oberleiter;E. Toffalini;D. Giofrè","","Reliability of the g factor over time in Italian INVALSI data (2010-2022): what can achievement-g tell us about the Flynn effect","2023","Personality and Individual Differences","","","","214","","","112345","10.1016/j.paid.2023.112345","","cv-journal-international",5,"verified_from_source","journal_international",FALSE
"giofre2023gender","article","D. Giofrè;E. Toffalini;L. Esposito;C. Cornoldi","","Gender differences at the WISC in a large group of Italian children with ADHD","2023","Journal of Intelligence","","","","11","9","178","","10.3390/jintelligence11090178","","cv-journal-international",5,"verified_from_source","journal_international",FALSE
"donolato2023oral","article","E. Donolato;E. Toffalini;K. Rodge;A. Nordhal-Hansen;A. Lervåg;C. Norbury;M. Melby-Lervåg","","Oral language interventions can improve language outcomes in children with neurodevelopmental disorders: A systematic review and meta-analysis","2023","Campbell Systematic Reviews","","","","19","","","e1368","10.1002/cl2.1368","","cv-journal-international",4,"verified_from_source","journal_international",FALSE
"cornoldi2023cognitive","article","C. Cornoldi;D. Giofrè;E. Toffalini","","Cognitive characteristics of intellectually gifted children with a diagnosis of ADHD","2023","Intelligence","","","","97","","","101736","10.1016/j.intell.2023.101736","","cv-journal-international",5,"verified_from_source","journal_international",FALSE
"bolognesi2023perceived","article","M. Bolognesi;E. Toffalini;F. Pazzaglia","","Perceived psychological restorativeness in relation to individual and environmental variables: a study conducted at Poetto beach in Sardinia, Italy","2023","Sustainability","","","","15(3)","","","2794","10.3390/su15032794","","cv-journal-international",5,"verified_from_source","journal_international",FALSE
"toffalini2022structure","article","E. Toffalini;S. Buono;C. Cornoldi","","The structure, profile, and diagnostic significance of intelligence in children with ADHD are impressively similar to those of children with a specific learning disorder","2022","Research in Developmental Disabilities","","","","129","","","104306","10.1016/j.ridd.2022.104306","","cv-journal-international,cv-short",5,"verified_from_source","journal_international",TRUE
"toffalini2022entia","article","E. Toffalini;P. Girardi;D. Giofrè;G. Altoè","","Entia non sunt multiplicanda… Shall I look for clusters in my cognitive data","2022","Plos ONE","","","","17(6)","","","e0269584","10.1371/journal.pone.0269584","","cv-journal-international,cv-short",5,"verified_from_source","journal_international",TRUE
"sella2022non","article","E. Sella;E. Toffalini;L. Canini;E. Borella","","Non-pharmacological interventions targeting sleep quality in older adults: a systematic review and meta-analysis","2022","Aging \& Mental Health","","","","","","","","10.1080/13607863.2022.2056879","","cv-journal-international",5,"verified_from_source","journal_international",FALSE
"re2022progressivo","article","A. M. Re;C. Cornoldi;E. Toffalini","","Il progressivo ridimensionamento dell'uso di categorie diagnostiche nei disturbi del neurosviluppo: alcune riflessioni a partire dall'intervento di Antonietti, Borgatti e Giorgetti","2022","Ricerche di Psicologia","","","","45","","169-177","","10.3280/rip2022oa15606","","cv-journal-italian",10,"verified_from_source","journal_italian",FALSE
"monaci2022disturbi","article","P. Monaci;F. Sferra;C. Saponaro;E. Toffalini","","Disturbi specifici di apprendimento e multimedialità: l’efficacia di un training di potenziamento cognitivo tramite l’uso di web app","2022","Psicologia Clinica dello Sviluppo","","","","26","2","315-326","","10.1449/102016","","cv-journal-italian",11,"verified_from_source","journal_italian",FALSE
"lanfranchi2022individuals","article","S. Lanfranchi;C. Meneghetti;E. Toffalini;B. Carretti","","Individuals with Down syndrome: Editorial","2022","Brain Sciences","","","","12(3)","","","398","10.3390/brainsci12030398","","cv-journal-international",6,"verified_from_source","journal_international",FALSE
"giofre2022impasse","article","D. Giofrè;K. Allen;E. Toffalini;S. Caviola","","The impasse on gender differences in intelligence: a meta-analysis on WISC batteries","2022","Educational Psychology Review","","","","34","4","2543-2568","","10.1007/s10648-022-09705-1","","cv-journal-international",5,"verified_from_source","journal_international",FALSE
"giofre2022decoding","article","D. Giofrè;K. Allen;E. Toffalini;I. C. Mammarella;S. Caviola","","Decoding gender differences: intellectual profiles of children with specific learning disabilities","2022","Intelligence","","","","90","","","101615","10.1016/j.intell.2021.101615","","cv-journal-international",6,"verified_from_source","journal_international",FALSE
"cornoldi2022emotional","article","C. Cornoldi;D. Giofrè;I. C. Mammarella;E. Toffalini","","Emotional response to testing in gifted and highly-gifted children","2022","Gifted Child Quarterly","","","","66","3","208-219","","10.1177/00169862211042901","","cv-journal-international",5,"verified_from_source","journal_international",FALSE
"caviola2022math","article","S. Caviola;E. Toffalini;D. Giofrè;J. Mercader Ruiz;D. Szűcs;I. C. Mammarella","","Math performance and academic anxiety forms, from sociodemographic to cognitive aspects: a meta-analysis on 906,311 participants","2022","Educational Psychology Review","","","","34","1","363-399","","10.1007/s10648-021-09618-5","","cv-journal-international",6,"verified_from_source","journal_international",FALSE
"carretti2022structure","article","B. Carretti;D. Giofrè;E. Toffalini;C. Cornoldi;M. Pastore;S. Lanfranchi","","Structure of working memory in children from 3 to 8 years old","2022","Developmental Psychology","","","","58","9","1687-1701","","10.1037/dev0001385","","cv-journal-international",5,"verified_from_source","journal_international",FALSE
"carretti2022inferring","article","B. Carretti;C. Cornoldi;A. Antonello;L. Di Criscienzo;E. Toffalini","","Inferring the performance of children with dyslexia from that of the general population: The case of associative phonological working memory","2022","Scientific Studies of Reading","","","","26","1","47-60","","10.1080/10888438.2021.1897596","","cv-journal-international",6,"verified_from_source","journal_international",FALSE
"carretti2022developmental","article","B. Carretti;C. Meneghetti;E. Doerr;E. Toffalini;S. Lanfranchi","","Developmental trajectories of spatial-sequential and spatial-simultaneous working memory in Down syndrome","2022","Journal of Intellectual Disability Research","","","","66","1-2","81-93","","10.1111/jir.12904","","cv-journal-international",6,"verified_from_source","journal_international",FALSE
"toffalini2021dyslexia","article","E. Toffalini;D. Giofrè;M. Pastore;B. Carretti;F. Fraccadori;D. Szűcs","","Dyslexia treatment studies: A systematic review and suggestions on testing treatment efficacy with small effects and small samples","2021","Behavior Research Methods","","","","53","5","1954-1971","","10.3758/s13428-021-01549-x","","cv-journal-international",7,"verified_from_source","journal_international",FALSE
"sella2021self","article","E. Sella;E. Carbone;E. Toffalini;E. Borella","","Self-reported sleep quality and dysfunctional sleep-related beliefs in young and older adults: changes in times of COVID-19 lockdown","2021","Sleep Medicine","","","","81","","127-135","","10.1016/j.sleep.2021.02.017","","cv-journal-international",7,"verified_from_source","journal_international",FALSE
"sella2021relationship","article","E. Sella;L. Miola;E. Toffalini;E. Borella","","The relationship between sleep quality and quality of life in aging: a systematic review and meta-analysis","2021","Health Psychology Review","","","","","","","","10.1080/17437199.2021.1974309","","cv-journal-international",6,"verified_from_source","journal_international",FALSE
"miola2021environmental","article","L. Miola;C. Meneghetti;E. Toffalini;F. Pazzaglia","","Environmental learning in a virtual environment: Do gender, spatial self-efficacy, and visuospatial abilities matter","2021","Journal of Environmental Psychology","","","","78","","","10174","10.1016/j.jenvp.2021.101704","","cv-journal-international",6,"needs_review","journal_international",FALSE
"meneghetti2021successful","article","C. Meneghetti;E. Labate;E. Toffalini;F. Pazzaglia","","Successful navigation: the influence of task goals and working memory","2021","Psychological Research","","","","85","2","634-648","","10.1007/s00426-019-01270-7","","cv-journal-international",7,"verified_from_source","journal_international",FALSE
"meneghetti2021path","article","C. Meneghetti;E. Toffalini;S. Lanfranchi;M. Roch;B. Carretti","","Path learning in individuals with Down syndrome: The challenge of learning condition and cognitive abilities","2021","Frontiers in Psychology","","","","12","","","643702","10.3389/fpsyg.2021.643702","","cv-journal-international",6,"verified_from_source","journal_international",FALSE
"meneghetti2021learning","article","C. Meneghetti;L. Miola;E. Toffalini;M. Pastore;F. Pazzaglia","","Learning from navigation, and tasks assessing its accuracy: the role of visuospatial abilities and wayfinding inclinations","2021","Journal of Environmental Psychology","","","","75","","","101614","10.1016/j.jenvp.2021.101614","","cv-journal-international",6,"verified_from_source","journal_international",FALSE
"mammarella2021evidence","article","I. C. Mammarella;E. Toffalini;S. Caviola;L. Colling;D. Szűcs","","No evidence for a core deficit in developmental dyscalculia or mathematical learning disabilities","2021","Journal of Child Psychology and Psychiatry","","","","62","2","704-714","","10.1111/jcpp.13397","","cv-journal-international",6,"verified_from_source","journal_international",FALSE
"locatelli2021age","article","C. Locatelli;S. Onnivello;F. Antonaros;A. Feliciello;S. Filoni;others;E. Toffalini;others;S. Lanfranchi","","Is the age of developmental milestones a predictor for future development in Down syndrome","2021","Brain Sciences","","","","11(5)","","","655","10.3390/brainsci11050655","","cv-journal-international",6,"needs_review","journal_international",FALSE
"grassi2021two","article","M. Grassi;C. Crotti;D. Giofrè;I. Boedker;E. Toffalini","","Two replications of Raymond, Shapiro, and Arnell (1992): The Attentional Blink","2021","Behavior Research Methods","","","","53","","656-668","","10.3758/s13428-020-01457-6","","cv-journal-international",7,"verified_from_source","journal_international",FALSE
"fontana2021meta","article","M. Fontana;M. C. Usai;E. Toffalini;M. C. Passolunghi","","Meta-analysis on inhibition from childhood to young adulthood in people with Down syndrome","2021","Research in Developmental Disabilities","","","","109","","","103838","10.1016/j.ridd.2020.103838","","cv-journal-international",7,"verified_from_source","journal_international",FALSE
"doerr2021developmental","article","E. M. Doerr;B. Carretti;E. Toffalini;S. Lanfranchi;C. Meneghetti","","Developmental trajectories in spatial visualization and mental rotation in individuals with Down syndrome","2021","Brain Sciences","","","","11(5)","","","610","10.3390/brainsci11050610","","cv-journal-international",6,"verified_from_source","journal_international",FALSE
"cornoldi2021memory","article","C. Cornoldi;A. Bresola;G. Crosara;A. Gherlenda;C. Pannocchi;E. Toffalini","","Memory sensitivity and its relationship with the behavioural inhibitory and activation systems and the presence of internalising symptoms in a group of 9th to 13th graders","2021","Personality and Individual Differences","","","","173","","","100638","10.1016/j.paid.2021.110638","","cv-journal-international",7,"verified_from_source","journal_international",FALSE
"cornoldi2021difficulties","article","C. Cornoldi;C. Rivella;L. Montesano;E. Toffalini","","Difficulties of young adults with dyslexia in reading and writing numbers","2021","Journal of Learning Disabilities","","","","55","4","338-348","","10.1177/00222194211037061","","cv-journal-international",6,"verified_from_source","journal_international",FALSE
"carretti2021memoria","incollection","B. Carretti;E. Toffalini","P. Cherubini;E. Bricolo;C. Reverberi","La memoria","2021","","Psicologia Generale","Raffello Cortina Editore","Milano, Italia","","","","","","","cv-book-chapter",11,"needs_review","book_chapter",FALSE
"bayramova2021auditory","article","R. Bayramova;E. Toffalini;M. Bonato;M. Grassi","","Auditory selective attention under working memory load","2021","Psychological Research","","","","85","7","2667-2681","","10.1007/s00426-020-01437-7","","cv-journal-international",7,"verified_from_source","journal_international",FALSE
"toffalini2020false","article","E. Toffalini;C. Mirandola;C. De Simone Irace;G. Altoè","","False memory for pictorial scripted material: the role of distinctiveness and negative emotion","2020","Cognition \& Emotion","","","","34","7","1489-1498","","10.1080/02699931.2020.1749034","","cv-journal-international",7,"verified_from_source","journal_international",FALSE
"toffalini2020eccezionalita","article","E. Toffalini","","Eccezionalità: Categorie o code di distribuzioni","2020","Giornale Italiano di Psicologia","","","","3-4/2020","","871-875","","10.1421/100076","","cv-journal-italian",11,"verified_from_source","journal_italian",FALSE
"sella2020personality","article","E. Sella;E. Carbone;E. Toffalini;E. Borella","","Personality traits and sleep quality: the role of sleep-related beliefs","2020","Personality and Individual Differences","","","","156","","","109770","10.1016/j.paid.2019.109770","","cv-journal-international",8,"verified_from_source","journal_international",FALSE
"mirandola2020power","article","C. Mirandola;E. Toffalini;E. Ferruzza;F. Pazzaglia","","The power of extraversion","2020","Reduced false memories for positive events. Personality and Individual Differences","","","","159","","","109861","10.1016/j.paid.2020.109861","","cv-journal-international",8,"verified_from_source","journal_international",FALSE
"meneghetti2020spatial","article","C. Meneghetti;B. Carretti;S. Lanfranchi;E. Toffalini","","Spatial description learning in preschoolers: the role of perspective and individual factors","2020","Cognitive Development","","","","53","","","100841","10.1016/j.cogdev.2019.100841","","cv-journal-international",8,"verified_from_source","journal_international",FALSE
"meneghetti2020path","article","C. Meneghetti;E. Toffalini;S. Lanfranchi;B. Carretti","","Path learning in individuals with Down syndrome: the floor matrix task and the role of individual visuo-spatial measures","2020","Frontiers in Human Neuroscience","","","","14","","","107","10.3389/fnhum.2020.00107","","cv-journal-international",7,"verified_from_source","journal_international",FALSE
"marsura2020prova","article","M. Marsura;E. Toffalini;B. Carretti","","La prova CO-TT di updating di memoria di lavoro","2020","Dati normativi e confronto fra la prestazione di bambini con sviluppo tipico e con problemi di comprensione del testo. Psicologia Clinica dello Sviluppo","","","","24","2","321-335","","10.1449/97008","","cv-journal-italian",11,"verified_from_source","journal_italian",FALSE
"giofre2020population","article","D. Giofrè;C. Cornoldi;A. Martino;E. Toffalini","","A population level analysis of the gender gap in mathematics: Results on over 13 million children using the INVALSI dataset","2020","Intelligence","","","","81","","","101467","10.1016/j.intell.2020.101467","","cv-journal-international",7,"verified_from_source","journal_international",FALSE
"donolato2020going","article","E. Donolato;E. Toffalini;D. Giofrè;S. Caviola;I. C. Mammarella","","Going beyond mathematics anxiety in primary and middle school students: The role of ego-resiliency in mathematics","2020","Mind Brain and Education","","","","14","3","255-266","","10.1111/mbe.12251","","cv-journal-international",7,"verified_from_source","journal_international",FALSE
"delogu2020morra","article","F. Delogu;M. Barnewold;C. Meloni;E. Toffalini;A. Zizi;R. Fanari","","The Morra game as a naturalistic test bed for investigating automatic and voluntary processes in random sequence generation","2020","Frontiers in Psychology","","","","11","","","551126","10.3389/fpsyg.2020.551126","","cv-journal-international",7,"verified_from_source","journal_international",FALSE
"carretti2020text","article","B. Carretti;E. Toffalini;C. Saponaro;F. Viola;C. Cornoldi","","Text reading speed in a language with a shallow orthography benefits less from comprehension as reading ability matures","2020","British Journal of Educational Psychology","","","","90","S1","91-104","","10.1111/bjep.12307","","cv-journal-international",7,"verified_from_source","journal_international",FALSE
"altoe2020enhancing","article","G. Altoè;G. Bertoldo;C. Zandonella Callegher;E. Toffalini;A. Calcagnì;L. Finos;M. Pastore","","Enhancing statistical inference in psychological research via prospective and retrospective design analysis","2020","Frontiers in Psychology","","","","10","","","2893","10.3389/fpsyg.2019.02893","","cv-journal-international",8,"verified_from_source","journal_international",FALSE
"toffalini2019wisc","article","E. Toffalini","","WISC-IV e disabilità intellettiva: L’uso dell’età equivalente","2019","Psicologia Clinica dello Sviluppo","","","","23","3","423-434","","10.1449/95152","","cv-journal-italian",11,"verified_from_source","journal_italian",FALSE
"toffalini2019using","article","E. Toffalini;S. Buono;T. Zagaria;A. Calcagnì;C. Cornoldi","","Using Z and age-equivalent scores to address WISC-IV floor effects for children with intellectual disability","2019","Journal of Intellectual Disability Research","","","","63","6","528-538","","10.1111/jir.12589","","cv-journal-international",8,"verified_from_source","journal_international",FALSE
"toffalini2019reading","article","E. Toffalini;N. Losito;C. Zamperlin;C. Cornoldi","","Reading in a transparent second language with limited orality: the case of high-school students with dyslexia in Latin","2019","Dyslexia","","","","25","1","57-68","","10.1002/dys.1603","","cv-journal-international",8,"verified_from_source","journal_international",FALSE
"toffalini2019inferential","article","E. Toffalini;C. Mirandola;G. Altoè;E. Borella","","Inferential false memories for emotional events in older adults","2019","British Journal of Psychology","","","","110","4","686-706","","10.1111/bjop.12371","","cv-journal-international",8,"verified_from_source","journal_international",FALSE
"toffalini2019dislessia","incollection","E. Toffalini;S. Provazza;P. Tressoldi;C. Cornoldi","C. Cornoldi","La dislessia evolutiva","2019","","I Disturbi dell’Apprendimento","Il Mulino","Bologna, Italia","","","107-131","","","","cv-book-chapter",11,"needs_review","book_chapter",FALSE
"toffalini2019cross","article","E. Toffalini;M. Marsura;R. B. Garcia;C. Cornoldi","","A cross-modal working memory binding span deficit in reading disability","2019","Journal of Learning Disabilities","","","","52","2","99-108","","10.1177/0022219418786691","","cv-journal-international",8,"verified_from_source","journal_international",FALSE
"tizi2019atmosfera","article","L. Tizi;E. Toffalini;E. Pavan;F. Pazzaglia","","Atmosfera percepita di due allestimenti museali in relazione a fattori ambientali e variabili cognitive, affettive e rigenerative: Analisi delle caratteristiche psicometriche dell’adattamento italiano del Perceived Atmosphere Instrument","2019","Giornale Italiano di Psicologia","","","","4/2019","","","","10.1421/95572","","cv-journal-italian",11,"verified_from_source","journal_italian",FALSE
"meneghetti2019environment","incollection","C. Meneghetti;E. Toffalini;B. Carretti;S. Lanfranchi","R. M. Hodapp;D. Fidler","Environment learning in individuals with Down syndrome","2019","","International Review of Research in Developmental Disabilities","Academic Press","","56","","123-167","","10.1016/bs.irrdd.2019.06.003","","cv-book-chapter",11,"verified_from_source","book_chapter",FALSE
"giofre2019lumpers","article","D. Giofrè;M. Pastore;C. Cornoldi;E. Toffalini","","Lumpers vs splitters: intelligence in children with specific learning disorders","2019","Intelligence","","","","76","","","101380","10.1016/j.intell.2019.101380","","cv-journal-international",8,"verified_from_source","journal_international",FALSE
"giofre2019children","article","D. Giofrè;E. Toffalini;S. Provazza;A. Calcagnì;G. Altoè;D. J. Roberts","","Are children with developmental dyslexia all the same","2019","A cluster analysis with more than 300 cases. Dyslexia","","","","25","3","284-295","","10.1002/dys.1629","","cv-journal-international",8,"verified_from_source","journal_international",FALSE
"cornoldi2019sintesi","article","C. Cornoldi;A. M. Antonucci;L. Bertolo;F. Brembati;M. Frinco;D. Giofrè;others;E. Toffalini","","Sintesi dei risultati principali ottenuti con la banca dati AIRIPA di più di 1.800 casi di DSA valutati con la WISC-IV","2019","Dislessia","","","","16","3","249-263","","10.14605/dis1631901","","cv-journal-italian",11,"needs_review","journal_italian",FALSE
"cornoldi2019discrepancy","article","C. Cornoldi;R. Di Caprio;G. De Francesco;E. Toffalini","","The discrepancy between verbal and visuoperceptual IQ in children with a specific learning disorder: an analysis of 1,624 cases","2019","Research in Developmental Disabilities","","","","87","","64-72","","10.1016/j.ridd.2019.02.002","","cv-journal-international",8,"verified_from_source","journal_international",FALSE
"toffalini2018environment","article","E. Toffalini;C. Meneghetti;B. Carretti;S. Lanfranchi","","Environment learning from virtual exploration in individuals with Down syndrome: The role of perspective and sketch maps","2018","Journal of Intellectual Disability Research","","","","62","1","30-40","","10.1111/jir.12445","","cv-journal-international",9,"verified_from_source","journal_international",FALSE
"toffalini2018effects","article","E. Toffalini;E. Tomasi;D. Albano;C. Cornoldi","","The effects of the constancy of location and order in working memory visual-phonological binding of children with dyslexia","2018","Child Neuropsychology","","","","24","5","671-685","","10.1080/09297049.2017.1329411","","cv-journal-international",9,"verified_from_source","journal_international",FALSE
"talamini2018learning","article","F Talamini;M. Grassi;E. Toffalini;R. Santoni;B. Carretti","","Learning a second language: can music training or music aptitude have a role","2018","Learning and Individual Differences","","","","64","","1-7","","10.1016/j.lindif.2018.04.003","","cv-journal-international",9,"verified_from_source","journal_international",FALSE
"meneghetti2018mentala","article","C. Meneghetti;E. Toffalini;B. Carretti;S. Lanfranchi","","Mental rotation ability and everyday-life spatial activities in individuals with Down syndrome","2018","Research in Developmental Disabilities","","","","72","","33-41","","10.1016/j.ridd.2017.10.019","","cv-journal-international",9,"verified_from_source","journal_international",FALSE
"meneghetti2018mental","article","C. Meneghetti;E. Carbone;A. Di Maggio;E. Toffalini;E. Borella","","Mental rotation training in older adults: The role of practice and strategy","2018","Psychology and Aging","","","","33","5","814-831","","10.1037/pag0000275","","cv-journal-international",8,"verified_from_source","journal_international",FALSE
"knott2018role","article","L. Knott;M. Howe;E. Toffalini;D. Shah;L. Humphreys","","The role of attention in immediate emotional false memory enhancement","2018","Emotion","","","","18","8","1063-1077","","10.1037/emo0000407","","cv-journal-international",9,"verified_from_source","journal_international",FALSE
"di-mauro2018effect","article","M. Di Mauro;E. Toffalini;M. Grassi;K. Petrini","","Effect of long-term music training on emotion perception from drumming improvisation","2018","Frontiers in Psychology","","","","9","","","2168","10.3389/fpsyg.2018.02168","","cv-journal-international",8,"verified_from_source","journal_international",FALSE
"calgaro2018prova","article","G. Calgaro;E. Toffalini;C. Cornoldi","","La prova di lettura sublessicale PLS per la valutazione delle abilità di lettura di bambini di prima primaria","2018","Dislessia","","","","15","2","209-224","","10.14605/dis1521805","","cv-journal-italian",11,"verified_from_source","journal_italian",FALSE
"toffalini2017strengths","article","E. Toffalini;D. Giofrè;C. Cornoldi","","Strengths and weaknesses in the intellectual profile of different subtypes of specific learning disorder: A study on 1049 diagnosed children","2017","Clinical Psychological Science","","","","5","2","402-409","","10.1177/2167702616672038","","cv-journal-international",10,"verified_from_source","journal_international",FALSE
"toffalini2017pros","article","E. Toffalini;D. Giofrè;C. Cornoldi","","Pros and cons of using intelligence batteries for the study of clinical populations: A response to Beaujean (2017)","2017","Clinical Psychological Science","","","","5","5","878-879","","10.1177/2167702617720716","","cv-journal-international",9,"verified_from_source","journal_international",FALSE
"toffalini2017einstein","article","E. Toffalini;L. Pezzuti;C. Cornoldi","","Einstein and dyslexia: Is giftedness more frequent in children with a specific learning disorder than in typically developing children","2017","Intelligence","","","","62","","175-179","","10.1016/j.intell.2017.04.006","","cv-journal-international",9,"verified_from_source","journal_international",FALSE
"muffato2017individual","article","V. Muffato;E. Toffalini;C. Meneghetti;E. Carbone;R. De Beni","","Individual visuo-spatial factors and familiar environment knowledge: A structural equation modeling analysis","2017","Personality and Individual Differences","","","","113","15","96-102","","10.1016/j.paid.2017.03.023","","cv-journal-international",9,"verified_from_source","journal_international",FALSE
"mirandola2017working","article","C. Mirandola;E. Toffalini;A. Ciriello;C. Cornoldi","","Working memory affects false memory production for emotional events","2017","Cognition and Emotion","","","","31","1","33-46","","10.1080/02699931.2015.1075379","","cv-journal-international",10,"verified_from_source","journal_international",FALSE
"mirandola2017what","article","C. Mirandola;E. Toffalini","","What happened first","2017","Working memory and negative emotion tell you better: Evidence from a temporal binding task. Cognition and Emotion","","","","32","3","666-673","","10.1080/02699931.2017.1319340","","cv-journal-international",9,"verified_from_source","journal_international",FALSE
"meneghetti2017visuo","article","C. Meneghetti;S. Lanfranchi;B. Carretti;E. Toffalini","","Visuo-spatial knowledge acquisition in individuals with Down syndrome: The role of descriptions and sketch maps","2017","Research in Developmental Disabilities","","","","63","","46-58","","10.1016/j.ridd.2017.02.013","","cv-journal-international",9,"verified_from_source","journal_international",FALSE
"meneghetti2017contribution","article","C. Meneghetti;V. Muffato;E. Toffalini;G. Altoè","","The contribution of visuo-spatial factors in representing a familiar environment: The case of undergraduate students at a university campus","2017","Journal of Environmental Psychology","","","","54","","160-168","","10.1016/j.jenvp.2017.09.004","","cv-journal-international",9,"verified_from_source","journal_international",FALSE
"melinder2017positive","article","A. Melinder;E. Toffalini;E. Geccherle;C. Cornoldi","","Positive events lead children to fewer causal false memories for scripted events","2017","Memory","","","","25","10","1366-1374","","10.1080/09658211.2017.1306080","","cv-journal-international",9,"verified_from_source","journal_international",FALSE
"losito2017abilita","article","N. Losito;C. Zamperlin;M. Massini;E. Toffalini","","Abilità di lettura e competenza grammaticale in latino in studenti di scuola superiore con diagnosi di dislessia","2017","Dislessia","","","","14","3","323-338","","10.14605/dis1431703","","cv-journal-italian",11,"verified_from_source","journal_italian",FALSE
"grassi2017auditory","article","M. Grassi;C. Meneghetti;E. Toffalini;E. Borella","","Auditory and cognitive performance in elderly musicians and nonmusicians","2017","Plos ONE","","","","13","","","e0192918","10.1371/journal.pone.0187881","","cv-journal-international",9,"verified_from_source","journal_international",FALSE
"giofre2017wisc","article","D. Giofrè;E. Toffalini;S. Provazza","","La WISC-IV sovrastima le competenze dei ragazzi italiani","2017","Discrepanze tra la standardizzazione UK e quella Italiana della scala. Psicologia Clinica dello Sviluppo","","","","1/2017","","143-154","","10.1449/86189","","cv-journal-italian",11,"verified_from_source","journal_italian",FALSE
"giofre2017intelligence","article","D. Giofrè;E. Toffalini;G. Altoè;C. Cornoldi","","Intelligence measures as diagnostic tools for children with specific learning disabilities","2017","Intelligence","","","","61","","140-145","","10.1016/j.intell.2017.01.014","","cv-journal-international",10,"verified_from_source","journal_international",FALSE
"toffalini2016relevance","article","E. Toffalini;E. Borella;C. Cornoldi;R. De Beni","","The relevance of memory sensitivity for psychological well-being in aging","2016","Quality of Life Research","","","","25","","1943-1948","","10.1007/s11136-016-1231-8","","cv-journal-international",10,"verified_from_source","journal_international",FALSE
"mirandola2016arousal","article","C. Mirandola;E. Toffalini","","Arousal – but not valence – reduces false memories at retrieval","2016","Plos ONE","","","","11","","","e0148716","10.1371/journal.pone.0148716","","cv-journal-international",10,"verified_from_source","journal_international",FALSE
"toffalini2015metacognitive","article","E. Toffalini;A. Veltri;C. Cornoldi","","Metacognitive aspects influence subjective well-being in parents of children with cancer","2015","Psycho-Oncology","","","","24","2","175-180","","10.1002/pon.3622","","cv-journal-international",10,"verified_from_source","journal_international",FALSE
"toffalini2015high","article","E. Toffalini;Mirandola C.;T. Coli;C. Cornoldi","","High trait anxiety increases inferential false memories for negative (but not positive) emotional events","2015","Personality and Individual Differences","","","","75","","201-204","","10.1016/j.paid.2014.11.029","","cv-journal-international",10,"verified_from_source","journal_international",FALSE
"toffalini2015enhanced","article","E. Toffalini;B. Bellavitis;C. Cornoldi","","Enhanced memory for negative scripted material in low compared to high sensation seekers","2015","Journal of Research in Personality","","","","57","","48-52","","10.1016/j.jrp.2015.03.004","","cv-journal-international",10,"verified_from_source","journal_international",FALSE
"toffalini2014emotional","article","E. Toffalini;C. Mirandola;M.J. Drabik;A. Melinder;C. Cornoldi","","Emotional negative events do not protect against false memories in young adults with depressive-anxious personality traits","2014","Personality and Individual Differences","","","","66","","14-18","","10.1016/j.paid.2014.02.042","","cv-journal-international",10,"verified_from_source","journal_international",FALSE
"mirandola2014inferential","article","C. Mirandola;E. Toffalini;M. Grassano;C. Cornoldi;A. Melinder","","Inferential false memories of events: Negative consequences protect from distortions when the events are free from further elaboration","2014","Memory","","","","22","5","451-461","","10.1080/09658211.2013.795976","","cv-journal-international",10,"verified_from_source","journal_international",FALSE
